INSERT INTO personaje (personajeID,perNombre1, perApellido1, perGenero, perColorPelo, perColorOjos, perEdoMarital, perPrimeraAparicionComic, perFraseMasCelebre, personajeHeroe, personajeVillano, personajeCivil)
VALUES 
(1,'Peter', 'Parker', 'M', 'Café', 'Azul', 'Soltero', 15, '¡Un gran poder conlleva una gran responsabilidad!', 1, 0, 0),
(2,'Bruce', 'Wayne', 'M', 'Negro', 'Azul', 'Soltero', 27, 'Soy Batman', 1, 0, 0),
(3,'Diana', 'Prince', 'F', 'Negro', 'Azul', 'Soltera', 8, 'La verdad es la única forma de liberarse', 1, 0, 0),
(4,'Clark', 'Kent', 'M', 'Negro', 'Azul', 'Soltero', 1, '¡Hasta el infinito y más allá!', 1, 0, 0),
(5,'Tony', 'Stark', 'M', 'Negro', 'Marrón', 'Soltero', 39, 'Soy Iron Man', 1, 0, 0),
(6,'Natasha', 'Romanoff', 'F', 'Rojo', 'Verde', 'Soltera', 52, 'venganza como en el amor,mujer es más bárbara que el hombre', 1, 0, 0),
(7,'Wade', 'Wilson', 'M', 'No tiene', 'Azul', 'Soltero', 98, '¡Máxima esfuerzo!', 1, 0, 0),
(8,'Carol', 'Danvers', 'F', 'Rubio', 'Azul', 'Soltera', 13, 'Mayor, más rápido, mejor', 1, 0, 0),
(9,'Scott', 'Lang', 'M', 'Marrón', 'Verde', 'Divorciado', 181, '¿Alguna vez has robado algo que en realidad ya era tuyo?', 1, 0, 0),
(10,'Thor', '', 'M', 'Rubio', 'Azul', 'Soltero', 83, '¡Por Odín!', 1, 0, 0),
(11,'Loki', '', 'M', 'Negro', 'Verde', 'Soltero', 85, 'Sí, lo soy. ¿Qué tal si me divierto un poco?', 0, 1, 0),
(12,'Jean', 'Grey', 'F', 'Rojo', 'Verde', 'Casada', 1, 'La muerte no es el final', 1, 0, 0),
(13,'Bruce', 'Banner', 'M', 'Negro', 'Marrón', 'Soltero', 1, '¡No me hagas enojar!', 1, 0, 0),
(14,'James', 'Logan', 'M', 'Negro', 'Marrón', 'Soltero', 1, '¡Soy el mejor en lo que hago!', 1, 0, 0),
(15,'Maria', 'Hill', 'F', 'Negro', 'Marrón', 'Soltera', 1, '¿Alguna vez te has sentido responsable de la muerte de miles?', 0, 0, 1),
(16,'Nick', 'Fury', 'M', 'Negro', 'Marrón', 'Soltero', 1, 'La cuestión es, ¿confías en mí?', 1, 0, 0),
(17,'Sam', 'Wilson', 'M', 'Negro', 'Marrón', 'Soltero', 9, 'En tus marcas, listos, ¡ya!', 1, 0, 0),
(18,'TChalla', '', 'M', 'Negro', 'Marrón', 'Soltero', 52, 'Wakanda para siempre', 1, 0, 0),
(19,'Peggy', 'Carter', 'F', 'Rubio', 'Azul', 'Soltera', 1, 'hombres van a la guerra, mujeres traen de vuelta', 0, 0, 1),
(20,'Steve', 'Rogers', 'M', 'Rubio', 'Azul', 'Soltero', 1, '¡Avengers, reuníos!', 1, 0, 0),
(21,'Selina', 'Kyle', 'F', 'Negro', 'Verde', 'Soltera', 1940, 'Siempre me quedará el gato', NULL, 10, NULL),
(22,'Oliver', 'Queen', 'M', 'Rubio', 'Azul', 'Soltero', 1941, '¡Ustedes tienen fallas, pero yo tengo flechas!', 16, NULL, NULL),
(23,'Steve', 'Rogers', 'M', 'Rubio', 'Azul', 'Soltero', 1941, '¡Vengadores, unidos!', 3, NULL, NULL),
(24,'Natasha', 'Romanoff', 'F', 'Rojo', 'Verde', 'Soltera', 1964, '¡Me llaman la Viuda Negra!', 19, NULL, NULL),
(25,'Bucky', 'Barnes', 'M', 'Marron', 'Azul', 'Soltero', 1941, '¡No me olvides!', 3, NULL, NULL),
(26,'Carol', 'Ferris', 'F', 'Rubio', 'Azul', 'Soltera', 1959, '¡En brillo y en sombra, en luz y en oscuridad!', 14, NULL, NULL),
(27,'Kara', 'Zor-El', 'F', 'Rubio', 'Azul', 'Soltera', 1959, '¡Por el poder de Krypton!', 1, NULL, NULL),
(28,'Jessica', 'Cruz', 'F', 'Negro', 'Marron', 'Soltera', 2013, '¡No tengo miedo!', 20, NULL, NULL),
(29,'Kate', 'Bishop','F', 'Marron', 'Marron', 'Soltera', 2005, '¡Espera a que veas lo que puedo hacer!', 16, NULL, NULL),
(30,'Ted', 'Kord', 'M', 'Marron', 'Marron', 'Soltero', 1966, '¡Mira, sin manos!', 16, NULL, NULL),
(31,'Renee', 'Montoya', 'F', 'Negro', 'Marron', 'Soltera', 1992, '¡Soy la pregunta que no puedes responder!', 10, NULL, NULL),
(32,'Tatsu', 'Yamashiro', 'F', 'Negro', 'Marron', 'Viuda', 1983, '¡El alma del dragón!', NULL, 11, NULL),
(33,'Kamala', 'Khan', 'F', 'Negro', 'Marron', 'Soltera', 2013, '¡Embajadora del cambio!', 21, NULL, NULL),
(34,'Miles', 'Morales', 'M', 'Negro', 'Marron', 'Soltero', 2011, '¡Soy Spider-Man!', 4, NULL, NULL),
(35,'Sam', 'Wilson', 'M', 'Negro', 'Marron', 'Soltero', 1969, '¡Alas arriba!', 3, NULL, NULL),
(36,'Luke', 'Cage', 'M', 'Negro', 'Marron', 'Casado', 1972, '¡Si eres duro, no necesitas tener miedo!', 22, NULL, NULL),
(37,'Danny', 'Rand', 'M', 'Rubio', 'Azul', 'Soltero', 1974, '¡El inmortal Iron Fist!', 22, NULL, NULL),
(38,'Jennifer', 'Walters', 'F', 'Marron', 'Verde', 'Soltera', 1980, '¡No me hagas enfadar!', 17, NULL, NULL),
(39,'TChalla', 'TChalla', 'M', 'Negro', 'Marron', 'Soltero', 1966, '¡Wakanda para siempre!', 23, 15, NULL),
(40,'Ororo', 'Munroe', 'F', 'Blanco', 'Azul', 'Viuda', 1975, '¡La diosa del clima!', 23, NULL, NULL);

INSERT INTO actor (actorCI, actorNombre1, actorNombre2, actorApell1, actorApell2)
VALUES 
(1,'Tom', 'Hanks', 'Hanks', NULL),
(2,'Meryl', 'Streep', 'Streep', NULL),
(3,'Leonardo', NULL, 'DiCaprio', NULL),
(4,'Kate', NULL, 'Winslet', NULL),
(5,'Robert', NULL, 'De Niro', NULL),
(6,'Al', 'Pacino', 'Pacino', NULL),
(7,'Denzel', NULL, 'Washington', NULL),
(8,'Anne', NULL, 'Hathaway', NULL),
(9,'Emma', NULL, 'Stone', NULL),
(10,'Brad', NULL, 'Pitt', NULL),
(11,'Angelina', NULL, 'Jolie', NULL),
(22,'Johnny', NULL, 'Depp', NULL),
(23,'Tom', 'Cruise', 'Cruise', NULL),
(24,'Natalie', NULL, 'Portman', NULL),
(25,'Jennifer', NULL, 'Lawrence', NULL),
(26,'Will', NULL, 'Smith', NULL),
(27,'Matt', NULL, 'Damon', NULL),
(28,'Charlize', NULL, 'Theron', NULL),
(29,'Scarlett', NULL, 'Johansson', NULL),
(30,'Daniel', NULL, 'Craig', NULL);

INSERT INTO organizacion (orgID,orgNombre, orgEslogan, orgLiderMasConocido, orgTipoOrg, orgObjetivoPpal, orgLugarCreacion, orgFundador, orgPrimerAparComics)
VALUES 
(1,'SHIELD', 'Proteger al mundo de amenazas sobrenaturales', 1, 'Agencia de espionaje', 'Mantener la paz y la seguridad mundial', 1965, 1, 1965),
(2,'Liga de la Justicia', 'La justicia siempre prevalecerá!', 1, 'Superhéroes', 'Proteger al mundo de amenazas sobrenaturales', 1960, 1, 1960),
(3,'X-Men', 'Protegiendo a una humanidad que les teme!', 1, 'Superhéroes', 'Promover la coexistencia pacífica entre humanos y mutantes', 1963, 1, 1963),
(4,'Los Vengadores', '¡Unidos venceremos!', 1, 'Superhéroes', 'Proteger al mundo de amenazas sobrenaturales', 1963, 1, 1963),
(5,'La Liga de la Justicia Oscura', 'Protegiendo al mundo de lo sobrenatural!',1, 'Superhéroes', 'Proteger al mundo de amenazas sobrenaturales', 2011, 1, 2011),
(6,'Hydra', 'Cortar una cabeza y crecerán dos más en su lugar', 1, 'Supervillanos', 'Establecer el control global', 1965, 1, 1965),
(7,'La Hermandad de Mutantes', 'Los mutantes son el futuro!', 1, 'Supervillanos', 'Establecer la supremacía mutante', 1964, 1, 1964),
(8,'Los Cuatro Fantásticos', 'Unidos somos invencibles!', 1, 'Superhéroes', 'Explorar el universo y proteger a la Tierra de amenazas extraterrestres', 1961, 1, 1961),
(9,'La Patrulla-X', 'Protegiendo un mundo que los odia!', 1, 'Superhéroes', 'Promover la coexistencia pacífica entre humanos y mutantes', 1963, 1, 1963),
(10,'Los Inhumanos', 'Unidos somos una fuerza imparable!', 1, 'Superhéroes', 'Proteger a los Inhumanos de amenazas externas', 1965, 1, 1965),
(11,'Iluminatis', 'Proteger al mundo de amenazas sobrenaturales', 11, 'Legion de villanos por el bien del mundo', 'Mantener la paz y la seguridad mundial', 1965, 2, 1965);

INSERT INTO poder (poderID, poderNombre, poderDescripcion)
VALUES 
(1,'Superfuerza', 'Capacidad sobrehumana de fuerza física'),
(2,'Vuelo', 'Habilidad de volar o levitar en el aire'),
(3,'Teletransporte', 'Capacidad de moverse instantáneamente de un lugar a otro'),
(4,'Regeneración', 'Habilidad de regenerar células y tejidos del cuerpo'),
(5,'Invisibilidad', 'Habilidad de volverse invisible a voluntad'),
(6,'Control mental', 'Habilidad de controlar la mente de otros seres'),
(7,'Telepatía', 'Habilidad de leer los pensamientos de otros seres'),
(8,'Telequinesis', 'Habilidad de mover objetos con la mente'),
(9,'Manipulación del tiempo', 'Capacidad de manipular el flujo del tiempo'),
(10,'Control elemental', 'Habilidad de controlar los elementos naturales, como el agua, el fuego, el aire y la tierra'),
(11,'Teleportación', 'Habilidad de moverse instantáneamente de un lugar a otro'),
(12,'Super velocidad', 'Capacidad sobrehumana de moverse a velocidades extremas'),
(13,'Piroquinesis', 'Habilidad de controlar el fuego'),
(14,'Criokinesis', 'Habilidad de controlar el hielo'),
(15,'Electroquinesis', 'Habilidad de controlar la electricidad'),
(16,'Transformación', 'Habilidad de cambiar de forma, tamaño o apariencia'),
(17,'Fuerza sobrehumana', 'Capacidad sobrehumana de fuerza física'),
(18,'Inmortalidad', 'Incapacidad de morir o envejecer'),
(19,'Lanzamiento de rayos', 'Habilidad de lanzar rayos de energía'),
(20,'Armadura corporal', 'Habilidad de crear una armadura protectora alrededor del cuerpo');

INSERT INTO tipoObjeto (tipoObjetoID, tipoObjetoNombre) VALUES
(1,'Mjolnir'),
(2,'Captain America\'s Shield'),
(3,'Iron Man Suit'),
(4,'Infinity Gauntlet'),
(5,'Stormbreaker'),
(6,'Spider-Man\'s Web-Shooters'),
(7,'Hawkeye\'s Bow and Arrows'),
(8,'Black Widow\'s Widow\'s Bite'),
(9,'Ant-Man\'s Helmet'),
(10,'Wasp\'s Suit'),
(11,'Doctor Strange\'s Cloak of Levitation'),
(12,'Eye of Agamotto'),
(13,'Black Panther\'s Vibranium Suit'),
(14,'Groot\'s Body'),
(15,'Rocket\'s Laser Gun'),
(16,'Star-Lord\'s Element Gun'),
(17,'Gamora\'s Sword'),
(18,'Nebula\'s Bionic Arm'),
(19,'Drax the Destroyer\'s Knives'),
(20,'Mantis\'s Empathy');

INSERT INTO objeto (objetoID,objetoNombre, objetoMaterialFabricacion, objetoTipoFK, objetoDescripcion)
VALUES 
(1,'Martillo de Thor', 'Uru', 1, 'Poderoso martillo mágico que solo puede ser levantado por aquellos que son dignos'),
(2,'Escudo del Capitán América', 'Vibranium', 2, 'Escudo circular indestructible que puede ser utilizado tanto para la defensa como para el ataque'),
(3,'Anillo del poder', 'Oro', 3, 'Anillo mágico que otorga al usuario increíbles habilidades y poderes'),
(4,'Batarang', 'Acero', 4, 'Boomerang en forma de murciélago utilizado por Batman como arma y herramienta de navegación'),
(5,'Lazo de la verdad', 'Oricalco', 5, 'Lazo mágico que obliga a cualquier ser que lo toque a decir la verdad'),
(6,'Mjolnir', 'Uru', 1, 'Martillo mágico de Thor que solo puede ser levantado por aquellos que son dignos'),
(7,'Tridente de Neptuno', 'Titanio', 6, 'Poderoso tridente utilizado por el dios del mar Neptuno para controlar los océanos'),
(8,'Lanza de Longinus', 'Plata', 7, 'Lanza sagrada utilizada para perforar el costado de Cristo durante su crucifixión'),
(9,'Luz de la verdad', 'Cristal', 8, 'Lámpara mágica que ilumina todo lo oculto y revela la verdad'),
(10,'Guantelete del Infinito', 'Uru', 9, 'Guantelete mágico que otorga a su usuario el poder de controlar el universo entero'),
(11,'Anillo de Green Lantern', 'Energía verde', 3, 'Anillo que otorga al usuario la capacidad de crear objetos con su mente y manipular la energía verde'),
(12,'Cinturón de utilidades', 'Kevlar', 10, 'Cinturón con múltiples compartimentos que contienen herramientas y dispositivos útiles para Batman'),
(13,'Gafas de Cyclops', 'Cuarzo rubí', 11, 'Gafas especiales que permiten a Cyclops controlar sus rayos de energía'),
(14,'Máscara de Spider-Man', 'Tela', 12, 'Máscara que cubre la cara de Spider-Man y le ayuda a mantener su identidad secreta'),
(15,'Armadura de Iron Man', 'Aceros avanzados', 13, 'Armadura tecnológicamente avanzada que otorga a su usuario una amplia variedad de habilidades y armas'),
(16,'Escoba voladora', 'Madera de fresno', 14, 'Escoba mágica utilizada por los magos para volar'),
(17,'Espada de Excalibur', 'Acero', 15, 'Poderosa espada mágica que solo puede ser empuñada por el verdadero rey de Inglaterra'),
(18,'Escudo del Escuadrón Suicida', 'Adamantium', 2, 'Escudo utilizado por los miembros del Escuadrón Suicida como herramienta de defensa y ataque'),
(19,'Cetro de Loki', 'Oro', 16, 'Poderoso cetro mágico utilizado por el dios de la travesura Loki'),
(20,'Llave espada', 'Metal', 17, 'Arma mágica utilizada por los portadores de la llave espada para luchar contra las fuerzas de la oscuridad');

INSERT INTO `persObjeto` (`personaje_id`, `objeto_id`) VALUES
(1, 1),
(1, 2),
(2, 2),
(2, 3),
(3, 3),
(3, 4),
(4, 1),
(4, 2),
(5, 1),
(5, 4),
(6, 5),
(6, 6),
(7, 6),
(7, 7),
(8, 7),
(8, 8),
(9, 8),
(9, 9),
(10, 9),
(10, 10);

INSERT INTO persPoder (personajeID, poderID, obtencionPoder, personajeHerencia)
VALUES 
(1, 1, 'Natural', NULL),
(1, 2, 'Artificial', NULL),
(1, 3, 'Natural', NULL),
(2, 4, 'Natural', NULL),
(2, 5, 'Natural', NULL),
(2, 6, 'Artificial', NULL),
(3, 7, 'Natural', NULL),
(3, 8, 'Artificial', NULL),
(4, 9, 'Natural', 3),
(4, 10, 'Artificial', 3),
(5, 11, 'Artificial', NULL),
(5, 12, 'Artificial', NULL),
(6, 13, 'Natural', NULL),
(7, 14, 'Natural', NULL),
(8, 15, 'Natural', NULL),
(9, 16, 'Artificial', NULL),
(10, 17, 'Natural', NULL),
(10, 18, 'Natural', NULL),
(10, 19, 'Artificial', NULL),
(10, 20, 'Natural', NULL),
(11, 1, 'Artificial', NULL);

INSERT INTO medio (medID, medTitulo, medFechEstreno, companniaCreadProdID, medSinopsis, medPelicula, medSerie, medVideojuego, medComic)
VALUES 
(1,'Avengers: Endgame', '2019-04-26', 1, 'Los Vengadores se reúnen para enfrentar al villano Thanos y restaurar el universo', 1, NULL, NULL, 2),
(2,'The Dark Knight', '2008-07-18', 2, 'Batman enfrenta al Joker, quien amenaza con destruir Gotham City', 1, NULL, NULL, 3),
(3,'The Lord of the Rings: The Fellowship of the Ring', '2001-12-19', 3, 'Un grupo de aventureros se unen para destruir un anillo mágico y salvar la Tierra Media', 1, NULL, NULL, 4),
(4,'Game of Thrones', '2011-04-17', 4, 'Varias familias nobles luchan por el control del Trono de Hierro en un mundo de fantasía medieval', NULL, 1, NULL, 5),
(5,'The Witcher 3: Wild Hunt', '2015-05-19', 5, 'El cazador de monstruos Geralt de Rivia se embarca en una aventura épica en un mundo de fantasía', NULL, NULL, 1, NULL),
(6,'Spider-Man: No Way Home', '2021-12-17', 6, 'Peter Parker se une a otros Spider-Man para enfrentar una amenaza multiversal', 1, NULL, NULL, 6),
(7,'Watchmen', '2009-03-06', 7, 'Un grupo de vigilantes enmascarados investiga un complot para matar a superhéroes', 1, NULL, NULL, 7),
(8,'The Legend of Zelda: Ocarina of Time', '1998-11-23', 8, 'El joven héroe Link viaja en el tiempo para salvar el reino de Hyrule', NULL, NULL, 2, NULL),
(9,'Iron Man', '2008-05-02', 9, 'El empresario Tony Stark construye una armadura para combatir el mal', 1, NULL, NULL, 8),
(10,'Breaking Bad', '2008-01-20', 10, 'Un profesor de química se convierte en un fabricante y distribuidor de metanfetamina', NULL, 1, NULL, 9),
(11,'The Last of Us Part II', '2020-06-19', 11, 'La superviviente Ellie busca venganza en un mundo postapocalíptico lleno de peligros', NULL, NULL, 3, NULL),
(12,'Captain America: The Winter Soldier', '2014-04-04', 12, 'El Capitán América lucha contra un enemigo misterioso y poderoso', 1, NULL, NULL, 10),
(13,'Batman: The Long Halloween', '2021-06-22', 13, 'Batman investiga una serie de asesinatos relacionados con festividades', NULL, NULL, NULL, 11),
(14,'Stranger Things', '2016-07-15', 14, 'Un grupo de amigos investiga la desaparición de uno de ellos en un pueblo lleno de misterios', NULL, 1, NULL, 12),
(15,'The Matrix', '1999-03-31', 15, 'Un hacker descubre la verdad sobre la realidad y se une a una rebelión contra las máquinas', 1, NULL, NULL, 13),
(16,'The Walking Dead', '2010-10-31', 16, 'Un grupo de sobrevivientes lucha por su vida en un mundo infestado de zombies', NULL, 1, NULL, 14),
(17,'Final Fantasy VII', '1997-01-31', 17, 'El ex-soldado Cloud y un grupo de rebeldes se enfrentan a un poderoso conglomerado', NULL, NULL, 4, NULL),
(18,'Stranger Things 2', '2017-10-27', 14, 'Los amigos enfrentan una nueva amenaza sobrenatural en el pueblo de Hawkins', NULL, 1, NULL, 15),
(19,'The Witcher', '2019-12-20', 5, 'El cazador de monstruos Geralt de Rivia va en busca de su destino en un mundo de fantasía', 1, NULL, NULL, 16),
(20,'The Mandalorian', '2019-11-12', 18, 'Un cazarrecompensas protege a un misterioso infante en una galaxia muy lejana', NULL, 1, NULL, 17),
(21,'Captain America: Civil War', '2019-04-26', 1, 'Los Vengadores se pelean entre si', 21, NULL, NULL, 3),
(22,'Wanda Vision', '2020-04-26', 1, 'Wanda ha hipnotizado a un pueblo para su favor, donde los vengadores defienden', NULL, 21, NULL, NULL);

INSERT INTO perMed (med_id, perMedTipo, actorCI, perMedTipoInterpret)
VALUES 
(1, 'Protagonista', 1, 'Interprete'),
(1, 'Enemiga', 2, 'Interprete'),
(1, 'Secundaria', 3, 'Interprete'),
(2, 'Protagonista', 4, 'Interprete'),
(2, 'Enemiga', 5, 'Interprete'),
(2, 'Secundaria', 6, 'Interprete'),
(3, 'Protagonista', 7, 'Interprete'),
(3, 'Secundaria', 8, 'Interprete'),
(4, 'Protagonista', 9, 'Interprete'),
(4, 'Enemiga', 10, 'Interprete'),
(5, 'Protagonista', 11, 'Interprete'),
(6, 'Protagonista', 12, 'Interprete'),
(6, 'Enemiga', 13, 'Interprete'),
(7, 'Protagonista', 14, 'Interprete'),
(7, 'Secundaria', 15, 'Interprete'),
(8, 'Protagonista', 16, 'Interprete'),
(8, 'Enemiga', 17, 'Interprete'),
(9, 'Protagonista', 18, 'Interprete'),
(10, 'Protagonista', 19, 'Interprete'),
(10, 'Enemiga', 20, 'Interprete');

INSERT INTO orgMed (org_id, med_id, fecha, orgMedTipo, orgMedEdoFinal)
VALUES 
(1, 1, '2022-01-01', 'Protagonista', 'Protagonista'),
(1, 1, '2022-01-02', 'Enemiga', 'Secundaria'),
(1, 1, '2022-01-03', 'Secundaria', 'Secundaria'),
(1, 2, '2022-03-15', 'Protagonista', 'Protagonista'),
(1, 2, '2022-03-16', 'Enemiga', 'Enemiga'),
(1, 2, '2022-03-17', 'Secundaria', 'Protagonista'),
(2, 3, '2022-02-01', 'Protagonista', 'Protagonista'),
(2, 3, '2022-02-02', 'Secundaria', 'Secundaria'),
(2, 4, '2022-04-20', 'Protagonista', 'Protagonista'),
(2, 4, '2022-04-21', 'Enemiga', 'Protagonista'),
(3, 5, '2022-05-10', 'Protagonista', 'Protagonista'),
(3, 6, '2022-06-01', 'Protagonista', 'Protagonista'),
(3, 6, '2022-06-02', 'Enemiga', 'Enemiga'),
(4, 7, '2022-07-15', 'Protagonista', 'Protagonista'),
(4, 7, '2022-07-16', 'Secundaria', 'Secundaria'),
(5, 8, '2022-08-20', 'Protagonista', 'Protagonista'),
(5, 8, '2022-08-21', 'Enemiga', 'Enemiga'),
(6, 9, '2022-09-01', 'Protagonista', 'Protagonista'),
(6, 10, '2022-10-10', 'Protagonista', 'Protagonista'),
(6, 10, '2022-10-11', 'Enemiga', 'Enemiga');

INSERT INTO cargo (cargoID,cargoNombre) VALUES 
(1,'Gerente general'),
(2,'Gerente de ventas'),
(3,'Gerente de marketing'),
(4,'Gerente de recursos humanos'),
(5,'Gerente de finanzas'),
(6,'Director de ventas'),
(7,'Director de marketing'),
(8,'Director de recursos humanos'),
(9,'Director financiero'),
(10,'Supervisor de ventas'),
(11,'Supervisor de marketing'),
(12,'Supervisor de recursos humanos'),
(13,'Analista de ventas'),
(14,'Analista de marketing'),
(15,'Analista de recursos humanos'),
(16,'Contador'),
(17,'Asistente de ventas'),
(18,'Asistente de marketing'),
(19,'Asistente de recursos humanos'),
(20,'Auxiliar administrativo');

INSERT INTO perCargOrg (personaje_id, cargo_id, org_id) VALUES 
(1, 1, 1),
(2, 2, 1),
(3, 3, 2),
(4, 4, 2),
(5, 5, 3),
(6, 6, 3),
(7, 7, 4),
(8, 8, 4),
(9, 9, 5),
(10, 10, 5);

INSERT INTO usuario (usuEmail, usuNombre1, usuNombre2, usuApell1, usuApell2, usuFechNac, usuPassword, usuUsername, usuPais, usuCiudad) VALUES 
('user1@example.com', 'John', '', 'Doe', '', '1990-01-01', 'password1', 'johndoe', 1, 1),
('user2@example.com', 'Jane', '', 'Doe', '', '1995-02-15', 'password2', 'janedoe', 1, 2),
('user3@example.com', 'Bob', '', 'Smith', '', '1985-05-10', 'password3', 'bobsmith', 2, 3),
('user4@example.com', 'Alice', '', 'Johnson', '', '1998-03-20', 'password4', 'alicejohnson', 3, 4),
('user5@example.com', 'David', '', 'Lee', '', '1979-07-01', 'password5', 'davidlee', 4, 5),
('user6@example.com', 'Emily', '', 'Wang', '', '1992-11-30', 'password6', 'emilywang', 5, 6),
('user7@example.com', 'Michael', '', 'Davis', '', '1982-09-05', 'password7', 'michaeldavis', 6, 7),
('user8@example.com', 'Megan', '', 'Taylor', '', '1994-12-25', 'password8', 'megantaylor', 7, 8),
('user9@example.com', 'Eric', '', 'Garcia', '', '1987-04-18', 'password9', 'ericgarcia', 8, 9),
('user10@example.com', 'Karen', '', 'Brown', '', '1991-06-15', 'password10', 'karenbrown', 9, 10);

INSERT INTO `lugar` (`lugarNombre`, `lugarFicticio`, `lugarTipo`, `lugar_id`)
VALUES
('name1', 1, 'type1', 1),
('name2', 0, 'type2', 2),
('name3', 1, 'type3', 3),
('name4', 0, 'type4', 4),
('name5', 1, 'type5', 5),
('name6', 0, 'type6', 6),
('name7', 1, 'type7', 7),
('name8', 0, 'type8', 8),
('name9', 1, 'type9', 9),
('name10', 0, 'type10', 10),
('name11', 1, 'type11', 11),
('name12', 0, 'type12', 12),
('name13', 1, 'type13', 13),
('name14', 0, 'type14', 14),
('name15', 1, 'type15', 15),
('name16', 0, 'type16', 16),
('name17', 1, 'type17', 17),
('name18', 0, 'type18', 18),
('name19', 1, 'type19', 19),
('name20', 0, 'type20', 20);

INSERT INTO `persHeroe` (persHeroeID,`superHeroeNombre`, `superHeroeLogoTipo`) VALUES
(1,'Superman', null),
(2,'Batman', null),
(3,'Wonder Woman', null),
(4,'Spider-Man', null),
(5,'Iron Man', null),
(6,'Captain America', null),
(7,'Thor', null),
(8,'Hulk', null),
(9,'Black Widow', null),
(10,'Ant-Man', null),
(11,'Wasp', null),
(12,'Aquaman', null),
(13,'The Flash', null),
(14,'Green Lantern', null),
(15,'Cyborg', null),
(16,'Doctor Strange', null),
(17,'Black Panther', null),
(18,'Captain Marvel', null),
(19,'Shazam', null),
(20,'Deadpool', null);

-- INSERT INTO `persVillano` (`persVillanoNombre`, `persVillanoObjetivo`, `id_personaje`) VALUES
-- ('Joker', 'Caos y anarquía', 1),
-- ('Loki', 'Conquistar Asgard', 2),
-- ('Magneto', 'Dominar a los humanos', 3),
-- ('Doctor Octopus', 'Destruir a Spider-Man', 4),
-- ('Lex Luthor', 'Matar a Superman', 5),
-- ('Green Goblin', 'Destruir a Spider-Man', 4),
-- ('Red Skull', 'Dominar el mundo', 6),
-- ('Ultron', 'Exterminar la humanidad', 7),
-- ('Thanos', 'Destruir la mitad del universo', 8),
-- ('Catwoman', 'Robar valiosos objetos', 9),
-- ('Harley Quinn', 'Ayudar al Joker', 1),
-- ('Venom', 'Destruir a Spider-Man', 4),
-- ('Kingpin', 'Dominar las actividades criminales', 10),
-- ('Darkseid', 'Dominar el universo', 11),
-- ('Ra''s al Ghul', 'Alcanzar la inmortalidad', 12),
-- ('Bane', 'Derrotar a Batman', 13),
-- ('Mystique', 'Ayudar a Magneto', 3),
-- ('Penguin', 'Dominar Gotham City', 14),
-- ('Apocalypse', 'Destruir a la humanidad', 15),
-- ('Deathstroke', 'Matar a los Titanes', 16),
-- ('Carnage', 'Destruir todo lo que se interponga en su camino', 4),
-- ('Mysterio', 'Engañar a Spider-Man y robar', 4),
-- ('Sinestro', 'Dominar el universo con su anillo de poder', 15),
-- ('Galactus', 'Devorar planetas', 17),
-- ('Doctor Doom', 'Dominar el mundo', 18),
-- ('Mongul', 'Destruir a Superman', 19),
-- ('Brainiac', 'Coleccionar y destruir mundos', 20),
-- ('Bizarro', 'Matar a Superman', 21),
-- ('Black Adam', 'Dominar el mundo y vengar su caída', 22),
-- ('Juggernaut', 'Destruir todo a su paso', 23),
-- ('Mr. Freeze', 'Salvar a su esposa y vengarse', 24),
-- ('Ivan Vanko/Whiplash', 'Destruir a Tony Stark y su legado', 5),
-- ('Erik Killmonger', 'Vengar la muerte de su padre y dominar Wakanda', 17),
-- ('Zod', 'Destruir a Superman y conquistar la Tierra', 25),
-- ('Enchantress', 'Dominar el mundo y vengarse de sus hermanas', 26),
-- ('Reverse-Flash', 'Destruir la vida de Flash', 27),
-- ('Mad Hatter', 'Controlar la mente de Gotham City', 28),
-- ('Harvey Two-Face', 'Venganza contra los que lo traicionaron', 29),
-- ('Scarecrow', 'Aterrorizar a Gotham City', 30),
-- ('Riddler', 'Demostrar su inteligencia y habilidades', 31)

INSERT INTO `persVillano` (persVillanoID, `persVillanoNombre`, `persVillanoObjetivo`) VALUES
(1,'Joker', 'Caos y anarquía'),
(2,'Loki', 'Conquistar Asgard'),
(3,'Magneto', 'Dominar a los humanos'),
(4,'Doctor Octopus', 'Destruir a Spider-Man'),
(5,'Lex Luthor', 'Matar a Superman'),
(6,'Green Goblin', 'Destruir a Spider-Man'),
(7,'Red Skull', 'Dominar el mundo'),
(8,'Ultron', 'Exterminar la humanidad'),
(9,'Thanos', 'Destruir la mitad del universo'),
(10,'Catwoman', 'Robar valiosos objetos'),
(11,'Harley Quinn', 'Ayudar al Joker'),
(12,'Venom', 'Destruir a Spider-Man'),
(13,'Kingpin', 'Dominar las actividades criminales'),
(14,'Darkseid', 'Dominar el universo'),
(15,'Ra''s al Ghul', 'Alcanzar la inmortalidad'),
(16,'Bane', 'Derrotar a Batman'),
(17,'Mystique', 'Ayudar a Magneto'),
(18,'Penguin', 'Dominar Gotham City'),
(19,'Apocalypse', 'Destruir a la humanidad'),
(20,'Deathstroke', 'Matar a los Titanes'),
(21,'Carnage', 'Destruir todo lo que se interponga en su camino'),
(22,'Mysterio', 'Engañar a Spider-Man y robar'),
(23,'Sinestro', 'Dominar el universo con su anillo de poder'),
(24,'Galactus', 'Devorar planetas'),
(25,'Doctor Doom', 'Dominar el mundo'),
(26,'Mongul', 'Destruir a Superman'),
(27,'Brainiac', 'Coleccionar y destruir mundos'),
(28,'Bizarro', 'Matar a Superman'),
(29,'Black Adam', 'Dominar el mundo y vengar su caída'),
(30,'Juggernaut', 'Destruir todo a su paso'),
(31,'Mr. Freeze', 'Salvar a su esposa y vengarse'),
(32,'Ivan Vanko/Whiplash', 'Destruir a Tony Stark y su legado'),
(33,'Erik Killmonger', 'Vengar la muerte de su padre y dominar Wakanda'),
(34,'Zod', 'Destruir a Superman y conquistar la Tierra'),
(35,'Enchantress', 'Dominar el mundo y vengarse de sus hermanas'),
(36,'Reverse-Flash', 'Destruir la vida de Flash'),
(37,'Mad Hatter', 'Controlar la mente de Gotham City'),
(38,'Harvey Two-Face', 'Venganza contra los que lo traicionaron'),
(39,'Scarecrow', 'Aterrorizar a Gotham City'),
(40,'Riddler', 'Demostrar su inteligencia y habilidades');

INSERT INTO `medSerie` (`medSerCreador`, `medSerTotEps`, `medSerCanalTrans`, `medSerTipo`)
VALUES
  (1, 10, 'Canal 1', 'Animado'),
  (2, 20, 'Canal 2', 'Liveaction'),
  (3, 15, 'Canal 3', 'Caricatura'),
  (4, 12, 'Canal 1', 'Animado'),
  (5, 18, 'Canal 2', 'Liveaction'),
  (6, 11, 'Canal 3', 'Caricatura'),
  (7, 9, 'Canal 1', 'Animado'),
  (8, 25, 'Canal 2', 'Liveaction'),
  (9, 13, 'Canal 3', 'Caricatura'),
  (10, 16, 'Canal 1', 'Animado'),
  (11, 22, 'Canal 2', 'Liveaction'),
  (12, 14, 'Canal 3', 'Caricatura'),
  (13, 17, 'Canal 1', 'Animado'),
  (14, 21, 'Canal 2', 'Liveaction'),
  (15, 19, 'Canal 3', 'Caricatura'),
  (16, 8, 'Canal 1', 'Animado'),
  (17, 23, 'Canal 2', 'Liveaction'),
  (18, 26, 'Canal 3', 'Caricatura'),
  (19, 7, 'Canal 1', 'Animado'),
  (20, 24, 'Canal 2', 'Liveaction'),
  (1, 20, 'Canal 10', 'Liveaction');

INSERT INTO `medPelicula` (`medPelDirectorCI`, `medPelDuracion`, `medPelTipo`, `medPelCostProd`, `medPelGananc`, `medPelDistrib`)
VALUES
  (1, '01:30:00', 'Animada', 1000000.00, 2000000.00, 1),
  (2, '02:10:00', 'Liveaction', 2000000.00, 4000000.00, 2),
  (3, '01:50:00', 'Caricatura', 1500000.00, 3000000.00, 3),
  (4, '01:40:00', 'Animada', 1200000.00, 2400000.00, 1),
  (5, '02:20:00', 'Liveaction', 2500000.00, 5000000.00, 2),
  (6, '01:45:00', 'Caricatura', 1800000.00, 3600000.00, 3),
  (7, '01:55:00', 'Animada', 1300000.00, 2600000.00, 1),
  (8, '02:30:00', 'Liveaction', 3000000.00, 6000000.00, 2),
  (9, '02:05:00', 'Caricatura', 2200000.00, 4400000.00, 3),
  (10, '01:50:00', 'Animada', 1500000.00, 3000000.00, 1),
  (11, '02:40:00', 'Liveaction', 3500000.00, 7000000.00, 2),
  (12, '02:15:00', 'Caricatura', 2000000.00, 4000000.00, 3),
  (13, '02:00:00', 'Animada', 1400000.00, 2800000.00, 1),
  (14, '02:50:00', 'Liveaction', 4000000.00, 8000000.00, 2),
  (15, '02:10:00', 'Caricatura', 2300000.00, 4600000.00, 3),
  (16, '01:45:00', 'Animada', 1100000.00, 2200000.00, 1),
  (17, '02:20:00', 'Liveaction', 2700000.00, 5400000.00, 2),
  (18, '02:25:00', 'Caricatura', 2400000.00, 4800000.00, 3),
  (19, '02:15:00', 'Animada', 1600000.00, 3200000.00, 1),
  (20, '02:30:00', 'Liveaction', 3200000.00, 6400000.00, 2),
  (1, '02:45:00', 'Animada', 1000000.00, 3000000.00, 1);